{
  "fast_mean": [
    0.06371019035577774,
    2.46084186983353e-06,
    2.41595262195915e-06,
    0.04943915829062462,
    0.0,
    4.8976751713780686e-05,
    0.06852106750011444,
    0.00042540120193734765,
    0.023927699774503708,
    0.022125594317913055,
    -0.6842495203018188,
    0.0,
    0.02149854227900505,
    0.030590824782848358,
    0.03082668036222458
  ],
  "fast_std": [
    1.4655992984771729,
    0.00029753599665127695,
    0.00029753794660791755,
    1.0859423875808716,
    1.0,
    0.0017703288467600942,
    1.3722596168518066,
    0.0003580771735869348,
    0.7539268732070923,
    0.7420286536216736,
    0.2924571633338928,
    1.0,
    0.14387907087802887,
    0.1694362759590149,
    0.1700781285762787
  ],
  "slow_mean": [
    0.5457194447517395,
    0.4547217786312103,
    0.4408712685108185,
    0.26751941442489624,
    0.2837134301662445,
    0.004422257654368877,
    0.06777171790599823,
    0.003076451364904642
  ],
  "slow_std": [
    0.29206475615501404,
    0.2918691039085388,
    0.2542039155960083,
    0.20271675288677216,
    0.20779545605182648,
    0.7059664130210876,
    0.697943925857544,
    0.06208831071853638
  ],
  "strat_mean": [
    0.04122288152575493,
    0.04987954720854759,
    0.054502297192811966,
    0.049560628831386566,
    -0.026546597480773926,
    0.5650440454483032,
    0.5119602680206299,
    -0.00437413202598691,
    0.05917254835367203,
    4.5905697021453307e-08,
    -0.008915480226278305,
    0.2835818827152252,
    0.5105211734771729,
    0.4718187749385834,
    -0.8107907772064209,
    0.7329954504966736,
    0.0022265601437538862,
    0.0020450628362596035,
    0.034778937697410583,
    0.23930546641349792,
    1.8327654600143433,
    0.28218308091163635,
    0.0,
    0.0,
    0.0,
    0.00852922722697258,
    0.3467215597629547,
    -0.10174292325973511,
    0.020404459908604622,
    0.9279487133026123,
    0.6757537722587585,
    0.1510528326034546,
    0.144094780087471,
    0.1521606594324112,
    0.9997787475585938,
    0.00015215006715152413,
    0.03215445950627327,
    0.01738562434911728,
    3.0269118724390864e-05,
    0.05389257147908211,
    1.0,
    1.0,
    1.0,
    0.02345309779047966,
    0.653548002243042,
    0.5162137150764465,
    -0.018579354509711266,
    0.539665699005127,
    0.017641402781009674,
    -0.03540090098977089,
    0.7147606611251831,
    0.033816419541835785,
    0.02678518556058407,
    0.03872029855847359,
    3.204626773367636e-05,
    0.0388859324157238,
    0.13088826835155487,
    0.0034237431827932596,
    1.0,
    1.0,
    0.0,
    0.8528170585632324,
    0.4153640866279602,
    0.7053378820419312
  ],
  "strat_std": [
    0.998523473739624,
    0.17055729031562805,
    1.0008727312088013,
    0.1268235594034195,
    0.8586000204086304,
    0.4315791130065918,
    0.3820608854293823,
    0.9999734163284302,
    0.21218489110469818,
    0.00016773850074969232,
    0.6223368644714355,
    0.41086292266845703,
    0.3569892346858978,
    0.302959680557251,
    0.5801751017570496,
    0.26034241914749146,
    0.002658164594322443,
    0.002794174710288644,
    0.5068254470825195,
    0.36821892857551575,
    2.7829906940460205,
    0.16880913078784943,
    1.0,
    1.0,
    1.0,
    0.007286204490810633,
    0.1596948504447937,
    0.6296987533569336,
    0.9996944069862366,
    0.16087444126605988,
    0.24406000971794128,
    0.12638428807258606,
    0.1238657757639885,
    0.9868787527084351,
    0.006539682857692242,
    0.001715244958177209,
    0.8435554504394531,
    0.022854814305901527,
    0.0010205106809735298,
    0.9258474111557007,
    1.0,
    1.0,
    1.0,
    0.575626790523529,
    0.3378647267818451,
    0.36740997433662415,
    0.7504588961601257,
    0.26779553294181824,
    0.6022583246231079,
    0.8471915125846863,
    0.27852609753608704,
    0.7662760019302368,
    0.999240517616272,
    0.046337127685546875,
    0.001207310357131064,
    1.0021655559539795,
    0.19288241863250732,
    0.1527426391839981,
    1.0,
    1.0,
    1.0,
    0.35578444600105286,
    0.16322727501392365,
    0.0874311700463295
  ],
  "dataset_samples": 490383,
  "fast_seq_len": 50,
  "fast_features": 15,
  "slow_seq_len": 20,
  "slow_features": 8,
  "strat_features": 64,
  "version": "5.0.0-ultimate"
}