{
  "train_loss": [
    0.7046517963920321,
    0.6930020696350506,
    0.6903818845748901,
    0.690173178645117,
    0.6886821101818766,
    0.6888591849378177,
    0.6876077465713024,
    0.6880169848778418,
    0.6859009872589793,
    0.6834294386208057,
    0.6832566873303482,
    0.6830719935574702,
    0.6851523824568305,
    0.6805774521614824,
    0.6804009918123484
  ],
  "train_acc": [
    0.5125392944463849,
    0.5230178134823612,
    0.5309814879497031,
    0.5297939224589592,
    0.5304226336011177,
    0.5378274537198743,
    0.5403422982885085,
    0.5415997205728257,
    0.5493538246594482,
    0.5531959483059727,
    0.5534753754802655,
    0.5516590988473629,
    0.5422982885085574,
    0.5579462102689486,
    0.5566887879846315
  ],
  "train_f1": [
    0.5120506550953502,
    0.5196365950748278,
    0.5306763645952359,
    0.529163037143473,
    0.5295879336796112,
    0.5255255598272999,
    0.5385946592826686,
    0.5220520489146638,
    0.5337841399469715,
    0.5433976121580706,
    0.5450064756216721,
    0.5367630096578155,
    0.5228646568705115,
    0.5479663833689823,
    0.5513953003735287
  ],
  "train_mcc": [
    0.02495949540392563,
    0.04459664254849671,
    0.062403353437834444,
    0.06067396810927476,
    0.061748902599438174,
    0.07654639196039409,
    0.08245246669335213,
    0.08709416034126446,
    0.10285176303581889,
    0.11507798870967784,
    0.11110297371289024,
    0.11397103805680775,
    0.09095043843404896,
    0.12479976835944702,
    0.11785785243662225
  ],
  "val_loss": [
    0.7173048879237885,
    0.6799061831007612,
    0.6825277653146298,
    0.6897541931334962,
    0.6798667565305182,
    0.6872834474482434,
    0.6987527824462728,
    0.6729579200135901,
    0.6797576026713594,
    0.6846608697099889,
    0.6856738138706127,
    0.681247741618055,
    0.6785665763185379,
    0.693168396645404,
    0.673446499286814
  ],
  "val_acc": [
    0.3510135135135135,
    0.654054054054054,
    0.6263513513513513,
    0.5648648648648649,
    0.6486486486486487,
    0.6111486486486486,
    0.5314189189189189,
    0.6334459459459459,
    0.6226351351351351,
    0.581081081081081,
    0.5790540540540541,
    0.6128378378378379,
    0.639527027027027,
    0.5398648648648648,
    0.614527027027027
  ],
  "val_f1": [
    0.2840911165459564,
    0.5018918329086899,
    0.5190736391312958,
    0.5487121212121212,
    0.5447638077762812,
    0.5528242557691533,
    0.5230105757410322,
    0.535175812121641,
    0.5369994220754841,
    0.532748352194494,
    0.5265157642356206,
    0.5224096450679858,
    0.49255384561992854,
    0.5245050583965987,
    0.5277237972328991
  ],
  "val_mcc": [
    -0.017615215823133325,
    0.10183846342764444,
    0.07381354701070562,
    0.1158458800877639,
    0.13118146820424845,
    0.10845958054223893,
    0.08266865583011936,
    0.10117948231457138,
    0.0924857350558923,
    0.06555173369112727,
    0.053430880303125115,
    0.06435973984448833,
    0.06386206905510396,
    0.06927757190642934,
    0.07302094176695033
  ]
}